﻿<?xml version="1.0" encoding="utf-8"?>
<order orderid="2f40d228-d81c-4749-8c17-78b21d3b212f" orderdate="9/17/2017 3:43:34 PM">
  <item vendorid="4d682167-f2e7-4bec-9a19-4363246ef300" itemid="101" price="1000" qty="1" />
  <item vendorid="4d682167-f2e7-4bec-9a19-4363246ef300" itemid="102" price="1000" qty="1" />
  <item vendorid="4d682167-f2e7-4bec-9a19-4363246ef300" itemid="202" price="1000" qty="0" status="Order Cancelled" />
  <item vendorid="4d682167-f2e7-4bec-9a19-4363246ef300" itemid="303" price="1000" qty="0" status="Order Cancelled" />
  <item vendorid="4d682167-f2e7-4bec-9a19-4363246ef300" itemid="404" price="1000" qty="1" />
  <item vendorid="4d682167-f2e7-4bec-9a19-4363246ef300" itemid="303" price="1000" qty="1" />
  <item vendorid="4d682167-f2e7-4bec-9a19-4363246ef300" itemid="402" price="1000" qty="1" />
  <otherinfo shippingformat="3" address="1" city="" state="" zipcode="">
    <paymentinfo id="1" name="11" number="1" address1="1" address2="" city="" state="" zip="" type="Visa" expdate="2/2018" />
  </otherinfo>
</order>